geometry,layer
,ウクライナ
,ロシア軍支配エリア
,ロシア軍支配エリア
,ロシア軍支配エリア
,ロシア軍支配エリア
,ロシア軍支配エリア
,ロシア軍支配エリア
,ロシア軍支配エリア
,ウクライナ軍反撃エリア
,ウクライナ軍反撃エリア
,ウクライナ軍反撃エリア
,ウクライナ軍反撃エリア
,ウクライナ軍反撃エリア
,ウクライナ軍反撃エリア
,ウクライナ軍反撃エリア
,ウクライナ軍反撃エリア
,ウクライナ軍反撃エリア
,ウクライナ軍反撃エリア
,ウクライナ軍反撃エリア
,ウクライナ軍反撃エリア
,ウクライナ軍反撃エリア
,ウクライナ軍反撃エリア
,ウクライナ軍反撃エリア
,ウクライナ軍反撃エリア
,ウクライナ軍反撃エリア
,ウクライナ軍反撃エリア
,ウクライナ軍反撃エリア
,ウクライナ軍反撃エリア
,ウクライナ軍反撃エリア
,ウクライナ軍反撃エリア
,ウクライナ軍反撃エリア
,ウクライナ軍反撃エリア
,ウクライナ軍反撃エリア
,ウクライナ軍反撃エリア
,ウクライナ軍反撃エリア
,ウクライナ軍反撃エリア
,ウクライナ軍反撃エリア
,ウクライナ軍反撃エリア
,ウクライナ軍反撃エリア
,ウクライナ軍反撃エリア
,ウクライナ軍反撃エリア
,ウクライナ軍反撃エリア
,ロシア軍侵攻エリア
,ロシア軍侵攻エリア
,ロシア軍侵攻エリア
,ロシア軍侵攻エリア
,ロシア軍侵攻エリア
,ロシア軍侵攻エリア
,ロシア軍侵攻エリア
,ロシア軍侵攻エリア
,ロシア軍侵攻エリア
,ロシア軍侵攻エリア
,ロシア軍侵攻エリア
,ロシア軍侵攻エリア
,ロシア軍侵攻エリア
,ロシア軍侵攻エリア
,ロシア軍侵攻エリア
,ロシア軍侵攻エリア
,ロシア軍侵攻エリア
,ロシア軍侵攻エリア
,ロシア軍侵攻エリア
,ロシア軍侵攻エリア
,ロシア軍侵攻エリア
,ロシア軍侵攻エリア
,ロシア軍侵攻エリア
,ロシア軍侵攻エリア
,ロシア軍侵攻エリア
,ロシア軍侵攻エリア
,ロシア軍侵攻エリア
,ロシア軍侵攻エリア
,ロシア軍侵攻エリア
,ロシア軍侵攻エリア
,ロシア軍侵攻エリア
,ロシア軍侵攻エリア
,ロシア軍侵攻エリア
,ロシア軍侵攻エリア
,ロシア軍侵攻エリア
,ロシア軍侵攻エリア
,ロシア軍侵攻エリア
,ロシア軍侵攻エリア
,ロシア軍侵攻エリア
,ロシア軍侵攻エリア
,ロシア軍侵攻エリア
,ロシア軍侵攻エリア
,ロシア軍侵攻エリア
,ロシア軍侵攻エリア
,ロシア軍侵攻エリア
,ロシア軍侵攻エリア
,ロシア軍侵攻エリア
,ロシア軍侵攻エリア
,ロシア軍侵攻エリア
,ロシア軍侵攻エリア
,ロシア軍侵攻エリア
,ロシア軍侵攻エリア
,ロシア軍侵攻エリア
,ロシア軍侵攻エリア
,ロシア軍侵攻エリア
,ロシア軍侵攻エリア
,ロシア軍侵攻エリア
,ロシア軍侵攻エリア
,ロシア軍侵攻エリア
,ロシア軍侵攻エリア
,ロシア軍侵攻エリア
,ロシア軍侵攻エリア
,ロシア軍侵攻エリア
,ロシア軍侵攻エリア
,ロシア軍侵攻エリア
,ロシア軍侵攻エリア
,ロシア軍侵攻エリア
,ロシア軍侵攻エリア
,ロシア軍侵攻エリア
,ロシア軍侵攻エリア
,ロシア軍侵攻エリア
,ロシア軍侵攻エリア
,ロシア軍侵攻エリア
